Workbook

Sheet Cover
A1: NMAS — Digital Music Export Report
A2: National Bureau of Statistics Delivery
A4: Scope: | B4: Gross Digital Music Export Revenue from Nigerian artists via streaming platforms
A5: Periods: | B5: Q1 2025, Q2 2025, Q3 2025, Q4 2025, Q1 2026
A6: Artist Universe: | B6: 131 verified Nigerian artists (128-129 with Chartmetric streaming data per quarter)
A7: Methodology: | B7: Per-artist gross streaming revenue × 70% export share. Split derived from Chartmetric 'Where People Listen' (30% domestic / 70% export).
A8: FX Rate: | B8: ₦1,500 / USD (fixed)
A9: Sources: | B9: Chartmetric + SoundCharts + WIPO 2025 International Music Trade methodology
A11: Contents:
A12: Summary | B12: Period totals (USD & NGN), export share, growth
A13: By Period | B13: Per-artist export revenue for each quarter
A14: By Artist | B14: Per-artist totals across all 5 periods (ranked)
A15: Top Markets | B15: Top destination markets for Nigerian music export
A16: Growth Trend | B16: Quarterly export revenue trajectory
A17: Methodology | B17: Calculation rules and data limitations

Sheet Summary
A1: Digital Music Export — Period Summary
A3: Period | B3: Artists | C3: Total Streaming Revenue (USD) | D3: Domestic Revenue (USD) | E3: Gross Export Revenue (USD) | F3: Gross Export Revenue (NGN) | G3: Export Share (%) | H3: QoQ Growth (%)
A4: Q1 2025 | B4: 128 | C4: 23270141 | D4: 6981042.2 | E4: 16289098 | F4: 2.4433648e+10 | G4: 70
A5: Q2 2025 | B5: 128 | C5: 23333705 | D5: 7000111.4 | E5: 16333593 | F5: 2.450039e+10 | G5: 70 | H5: 0.27
A6: Q3 2025 | B6: 128 | C6: 23180574 | D6: 6954172.2 | E6: 16226402 | F6: 2.4339603e+10 | G6: 70 | H6: -0.66
A7: Q4 2025 | B7: 127 | C7: 24158040 | D7: 7247412.1 | E7: 16910628 | F7: 2.5365942e+10 | G7: 70 | H7: 4.22
A8: Q1 2026 | B8: 127 | C8: 27956467 | D8: 8386940.2 | E8: 19569527 | F8: 2.9354291e+10 | G8: 70 | H8: 15.72
A9: TOTAL (all periods) | C9: =SUM(C4:C8) | D9: =SUM(D4:D8) | E9: =SUM(E4:E8) | F9: =SUM(F4:F8)

Sheet By Period
A1: Digital Export Revenue — Per Artist Per Period
A3: Period | B3: Artist | C3: Total Streaming (USD) | D3: Domestic 30% (USD) | E3: Export 70% (USD) | F3: Export (NGN) | G3: Top Export Markets
A4: Q1 2025 | B4: Rema | C4: 1937779.7 | D4: 581333.92 | E4: 1356445.8 | F4: 2034668730 | G4: US, UK, France, Ghana, South Africa
A5: Q1 2025 | B5: Ayra Starr | C5: 1562086.5 | D5: 468625.96 | E5: 1093460.6 | F5: 1640190859 | G5: US, UK, France, Ghana, South Africa
A6: Q1 2025 | B6: Tems | C6: 1120357.5 | D6: 336107.24 | E6: 784250.23 | F6: 1176375344 | G6: US, UK, France, Ghana, South Africa
A7: Q1 2025 | B7: Wizkid | C7: 930339.75 | D7: 279101.93 | E7: 651237.83 | F7: 9.7685674e+08 | G7: US, UK, France, Ghana, South Africa
A8: Q1 2025 | B8: Omah Lay | C8: 920686.51 | D8: 276205.95 | E8: 644480.55 | F8: 9.6672083e+08 | G8: US, UK, France, Ghana, South Africa
A9: Q1 2025 | B9: Davido | C9: 850302.79 | D9: 255090.84 | E9: 595211.96 | F9: 8.9281793e+08 | G9: US, UK, France, Ghana, South Africa
A10: Q1 2025 | B10: Kizz Daniel | C10: 802607.89 | D10: 240782.37 | E10: 561825.52 | F10: 8.4273828e+08 | G10: US, UK, France, Ghana, South Africa
A11: Q1 2025 | B11: Flavour | C11: 698117.03 | D11: 209435.11 | E11: 488681.92 | F11: 7.3302288e+08 | G11: US, UK, France, Ghana, South Africa
A12: Q1 2025 | B12: CKay | C12: 670882.61 | D12: 201264.78 | E12: 469617.82 | F12: 7.0442674e+08 | G12: US, UK, France, Ghana, South Africa
A13: Q1 2025 | B13: Flavour N'abania | C13: 650048.94 | D13: 195014.68 | E13: 455034.26 | F13: 6.8255139e+08 | G13: US, UK, France, Ghana, South Africa
A14: Q1 2025 | B14: Fireboy DML | C14: 602614.31 | D14: 180784.29 | E14: 421830.02 | F14: 6.3274502e+08 | G14: US, UK, France, Ghana, South Africa
A15: Q1 2025 | B15: Asake | C15: 573995.71 | D15: 172198.71 | E15: 401797 | F15: 6.026955e+08 | G15: US, UK, France, Ghana, South Africa
... A641: Q1 2026 | B641: Burna Boy | C641: 8.27 | D641: 2.48 | E641: 5.79 | F641: 8682.03 | G641: US, UK, France, Ghana, South Africa

Sheet By Artist
A1: Digital Export Revenue — Per Artist Totals (All 5 Periods)
A3: Rank | B3: Artist | C3: Periods Covered | D3: Total Streaming (USD) | E3: Total Export (USD) | F3: Total Export (NGN) | G3: Avg Export / Quarter (USD)
A4: 1 | B4: Rema | C4: 5 | D4: 8629419 | E4: 6040593.3 | F4: 9060889940 | G4: 1208118.7
A5: 2 | B5: Tems | C5: 5 | D5: 8193707 | E5: 5735594.9 | F5: 8603392388 | G5: 1147119
A6: 3 | B6: Ayra Starr | C6: 5 | D6: 7175472.6 | E6: 5022830.8 | F6: 7534246219 | G6: 1004566.2
A7: 4 | B7: Wizkid | C7: 5 | D7: 5282905.5 | E7: 3698033.9 | F7: 5.5470508e+09 | G7: 739606.77
A8: 5 | B8: Omah Lay | C8: 5 | D8: 5202945.4 | E8: 3642061.8 | F8: 5.4630927e+09 | G8: 728412.36
A9: 6 | B9: Davido | C9: 5 | D9: 4412720.2 | E9: 3088904.1 | F9: 4.6333562e+09 | G9: 617780.82
A10: 7 | B10: Flavour | C10: 5 | D10: 3728122.9 | E10: 2609686 | F10: 3.914529e+09 | G10: 521937.2
A11: 8 | B11: CKay | C11: 5 | D11: 3463380.5 | E11: 2424366.3 | F11: 3.6365495e+09 | G11: 484873.26
A12: 9 | B12: Flavour N'abania | C12: 5 | D12: 3417767.5 | E12: 2392437.3 | F12: 3.5886559e+09 | G12: 478487.45
A13: 10 | B13: Fireboy DML | C13: 5 | D13: 3150094.6 | E13: 2205066.2 | F13: 3.3075994e+09 | G13: 441013.25
A14: 11 | B14: Asake | C14: 5 | D14: 3123607 | E14: 2186524.9 | F14: 3.2797873e+09 | G14: 437304.97
A15: 12 | B15: Kizz Daniel | C15: 5 | D15: 2520637.2 | E15: 1764446.1 | F15: 2.6466691e+09 | G15: 352889.22
... A131: 128 | B131: DJ Cuppy | C131: 3 | D131: 0.15 | E131: 0.12 | F131: 171.99 | G131: 0.04
B132: TOTAL | D132: =SUM(D4:D131) | E132: =SUM(E4:E131) | F132: =SUM(F4:F131)

Sheet Top Markets
A1: Top Export Destination Markets
A3: Destination markets are inferred from Chartmetric 'Where People Listen' city-level data, aggregated to country. The top-5 markets are consistent across Nigerian artists.
A5: Rank | B5: Country | C5: Role | D5: Typical Share of Non-Domestic Listens
A6: 1 | B6: United States | C6: Diaspora + mainstream Afrobeats audience | D6: ~30%
A7: 2 | B7: United Kingdom | C7: Diaspora + UK Afrobeats scene | D7: ~20%
A8: 3 | B8: Ghana | C8: Regional West African market | D8: ~15%
A9: 4 | B9: South Africa | C9: Regional Sub-Saharan market | D9: ~10%
A10: 5 | B10: France | C10: European diaspora (Francophone Africa) | D10: ~8%

Sheet Growth Trend
A1: Quarterly Export Revenue Trend
A3: Period | B3: Export USD | C3: Export NGN
A4: ='Summary'!A4 | B4: ='Summary'!E4 | C4: ='Summary'!F4
A5: ='Summary'!A5 | B5: ='Summary'!E5 | C5: ='Summary'!F5
A6: ='Summary'!A6 | B6: ='Summary'!E6 | C6: ='Summary'!F6
A7: ='Summary'!A7 | B7: ='Summary'!E7 | C7: ='Summary'!F7
A8: ='Summary'!A8 | B8: ='Summary'!E8 | C8: ='Summary'!F8

Sheet Methodology
A1: Methodology — Digital Music Export
A3: Step | B3: Description
A4: 1. Artist universe | B4: 131 verified Nigerian artists identified via Chartmetric country/genre filters.
A5: 2. Gross streaming revenue | B5: Per-artist quarterly revenue from Spotify, YouTube, Deezer, and other platforms using published per-stream rates (Spotify $0.004, YouTube Music $0.0071, Deezer $0.0046, etc.).
A6: 3. Domestic / Export split | B6: Chartmetric 'Where People Listen' city-level listener data aggregated to country. Nigeria share averages 30%; international share 70%.
A7: 4. Export revenue | B7: Gross streaming revenue × 70% = gross export revenue (USD).
A8: 5. NGN conversion | B8: Export USD × ₦1,500/USD fixed rate (Q1 2025 – Q1 2026 average CBN window).
A9: 6. Top markets | B9: Ranked from 'Where People Listen' country aggregation; US, UK, Ghana, South Africa, France lead for all Nigerian artists.
A10: Limitations | B10: No track-level API access — revenue is listener-based estimate. Export share fixed at 70% per WIPO methodology; per-artist variation not applied.
A11: Sources | B11: Chartmetric Developer API (26 endpoints) + SoundCharts API (supplementary track-level + chart data); WIPO 2025 International Music Trade Study; Ditto Music 2026; Royalty Exchange 2025; LabelGrid 2026.
